<?xml version="1.0" encoding="utf-8" ?>
<manifest xmlns="http://www.imsglobal.org/xsd/imscp_v1p1"
          xmlns:xsi="http://www.w3.org/2001/XMLSchema-instance"
          xmlns:adlcp="http://www.adlnet.org/xsd/adlcp_rootv1p2"
          xmlns:cwsp="http://www.dspace.org/xmlns/cwspace_imscp"
          xmlns:ocw="https://ocw.mit.edu/xmlns/ocw_imscp"
          xmlns:lom="https://ocw.mit.edu/xmlns/LOM"
          identifier="urn_edu.mit.ocw_15-053-optimization-methods-in-management-science-spring-2013"
          version="2020-7-4T5:31:41"
          cwsp:packageType="Course"
          xml:base="15-053-spring-2013/"
          xsi:schemaLocation="http://www.imsglobal.org/xsd/imscp_v1p1 http://www.imsglobal.org/xsd/imscp_v1p1.xsd  http://www.adlnet.org/xsd/adlcp_rootv1p2 http://www.adlnet.org/xsd/adlcp_rootv1p2.xsd http://www.dspace.org/xmlns/cwspace_imscp http://www.dspace.org/xsd/cwspace_imscp/version10/cwspace_imscpv10.xsd https://ocw.mit.edu/xmlns/ocw_imscp https://ocw.mit.edu/xsd/ocw_imscp/version10/ocw_imscpv10.xsd https://ocw.mit.edu/xmlns/LOM https://ocw.mit.edu/xsd/LOM/lomv1.0/lomv1.0.xsd">
   	<metadata>
   		<schema>IMS Content</schema>
        <schemaversion>1.1</schemaversion>
        <cwsp:packageMetadata>
            <cwsp:sourceSystem>OCW</cwsp:sourceSystem>
            <cwsp:profile>CWSpace</cwsp:profile>
            <cwsp:profileVersion>0.1</cwsp:profileVersion>
        </cwsp:packageMetadata>
        <lom:general uniqueElementName="general">
            <lom:title uniqueElementName="title">
				<lom:string language="en">Optimization Methods in Management Science</lom:string>
			</lom:title>
			<lom:identifier>
				<lom:catalog uniqueElementName="catalog">OCW Master Course Number</lom:catalog>
		      	<lom:entry uniqueElementName="entry">15.053</lom:entry>
			</lom:identifier>
        </lom:general>
        <lom:lifecycle uniqueElementName="lifeCycle">
            <lom:version uniqueElementName="version">
				<lom:string language="en">Spring 2013</lom:string>
			</lom:version>
            <lom:contribute>
	            <lom:role>
	                <lom:source uniqueElementName="source">OCW_LOMv1.0</lom:source>
	                <lom:value uniqueElementName="value">Author</lom:value>
	            </lom:role>
	            <lom:entity>Orlin, James</lom:entity>
	            <lom:date uniqueElementName="date">
	                <lom:dateTime uniqueElementName="dateTime">2020-7-4</lom:dateTime>
	            </lom:date>
        	</lom:contribute>
            <lom:contribute>
	            <lom:role>
	                <lom:source uniqueElementName="source">OCW_LOMv1.0</lom:source>
	                <lom:value uniqueElementName="value">Author</lom:value>
	            </lom:role>
	            <lom:entity>Nasrabadi, Ebrahim</lom:entity>
	            <lom:date uniqueElementName="date">
	                <lom:dateTime uniqueElementName="dateTime">2020-7-4</lom:dateTime>
	            </lom:date>
        	</lom:contribute>
        </lom:lifecycle>
        <lom:relation uniqueElementName="relation">
        	<lom:kind uniqueElementName="kind">
        		<lom:source uniqueElementName="source">OCW_LOMv1.0</lom:source>
        		<lom:value uniqueElementName="value">isbasedon</lom:value>
        	</lom:kind>
        	<lom:resource uniqueElementName="resource">
        		<lom:identifier>
        			<lom:catalog uniqueElementName="catalog">URI</lom:catalog>
        			<lom:entry uniqueElementName="entry">http://hdl.handle.net/1721.1/84610</lom:entry>
        		</lom:identifier>
        		<lom:description uniqueElementName="description">
        			<lom:string language="en">Previous version of the course</lom:string>
        		</lom:description>
        	</lom:resource>
        </lom:relation>
        <lom:taxonPath>
            <lom:source uniqueElementName="source">
                <lom:string language="en">OCW Course Topics</lom:string>
            </lom:source>
            <lom:taxon>
                <lom:entry uniqueElementName="entry">
                    <lom:string language="en">Business</lom:string>
                </lom:entry>
            </lom:taxon>
            <lom:taxon>
                <lom:entry uniqueElementName="entry">
                    <lom:string language="en">Operations Management</lom:string>
                </lom:entry>
            </lom:taxon>
            
        </lom:taxonPath>
        <lom:taxonPath>
            <lom:source uniqueElementName="source">
                <lom:string language="en">OCW Course Topics</lom:string>
            </lom:source>
            <lom:taxon>
                <lom:entry uniqueElementName="entry">
                    <lom:string language="en">Engineering</lom:string>
                </lom:entry>
            </lom:taxon>
            <lom:taxon>
                <lom:entry uniqueElementName="entry">
                    <lom:string language="en">Systems Engineering</lom:string>
                </lom:entry>
            </lom:taxon>
            <lom:taxon>
                <lom:entry uniqueElementName="entry">
                    <lom:string language="en">Systems Optimization</lom:string>
                </lom:entry>
            </lom:taxon>
        </lom:taxonPath>
        <lom:taxonPath>
            <lom:source uniqueElementName="source">
                <lom:string language="en">OCW Course Topics</lom:string>
            </lom:source>
            <lom:taxon>
                <lom:entry uniqueElementName="entry">
                    <lom:string language="en">Mathematics</lom:string>
                </lom:entry>
            </lom:taxon>
            <lom:taxon>
                <lom:entry uniqueElementName="entry">
                    <lom:string language="en">Applied Mathematics</lom:string>
                </lom:entry>
            </lom:taxon>
            
        </lom:taxonPath>
        <lom:taxonPath>
            <lom:source uniqueElementName="source">
                <lom:string language="en">OCW Course Topics</lom:string>
            </lom:source>
            <lom:taxon>
                <lom:entry uniqueElementName="entry">
                    <lom:string language="en">Social Science</lom:string>
                </lom:entry>
            </lom:taxon>
            <lom:taxon>
                <lom:entry uniqueElementName="entry">
                    <lom:string language="en">Game Theory</lom:string>
                </lom:entry>
            </lom:taxon>
            
        </lom:taxonPath>
        <lom:taxonPath>
            <lom:source uniqueElementName="source">
                <lom:string language="en">OCW Course Topics</lom:string>
            </lom:source>
            <lom:taxon>
                <lom:entry uniqueElementName="entry">
                    <lom:string language="en">Business</lom:string>
                </lom:entry>
            </lom:taxon>
            <lom:taxon>
                <lom:entry uniqueElementName="entry">
                    <lom:string language="en">Project Management</lom:string>
                </lom:entry>
            </lom:taxon>
            
        </lom:taxonPath>
        <lom:taxonPath>
            <lom:source uniqueElementName="source">
                <lom:string language="en">OCW Course Topics</lom:string>
            </lom:source>
            <lom:taxon>
                <lom:entry uniqueElementName="entry">
                    <lom:string language="en">Mathematics</lom:string>
                </lom:entry>
            </lom:taxon>
            <lom:taxon>
                <lom:entry uniqueElementName="entry">
                    <lom:string language="en">Probability and Statistics</lom:string>
                </lom:entry>
            </lom:taxon>
            
        </lom:taxonPath>        
        <adlcp:location>contents/index.htm.xml</adlcp:location>
    </metadata>
    <organizations default="ocw_15-053-optimization-methods-in-management-science-spring-2013">
        <organization identifier="ocw_15-053-optimization-methods-in-management-science-spring-2013">
            <title>Optimization Methods in Management Science</title>
            <item identifier="i_15-053-optimization-methods-in-management-science-spring-2013.CourseHome"
                  identifierref="r_contents.index.htm"
                  ocw:sectionTemplateType="CourseHomePage"
                  ocw:sectionTemplateVersion="2020-7-4">
				<title>Optimization Methods in Management Science</title>
				<item identifier="i_15-053-optimization-methods-in-management-science-spring-2013.15-053s13.jpg"
          identifierref="r_contents.15-053s13.jpg">
				<title>15-053s13.jpg</title>
				</item>
				<item identifier="i_15-053-optimization-methods-in-management-science-spring-2013.15-053s13-th.jpg"
          identifierref="r_contents.15-053s13-th.jpg">
				<title>15-053s13-th.jpg</title>
				</item>
			</item>
            <item identifier="i_15-053-optimization-methods-in-management-science-spring-2013.lecture-notes"
                  identifierref="r_contents.lecture-notes.index.htm"
                  ocw:sectionTemplateType="CourseSection"
                  ocw:sectionTemplateVersion="2020-7-4">
				<title>Lecture Notes</title>
				<item identifier="i_15-053-optimization-methods-in-management-science-spring-2013.lecture-notes.MIT15_053S13_lec13.pdf"
          identifierref="r_contents.lecture-notes.MIT15_053S13_lec13.pdf">
				<title>Integer programming techniques 2: cutting planes</title>
				</item>
				<item identifier="i_15-053-optimization-methods-in-management-science-spring-2013.lecture-notes.lec05.xls"
          identifierref="r_contents.lecture-notes.lec05.xls">
				<title>lec05.xls</title>
				</item>
				<item identifier="i_15-053-optimization-methods-in-management-science-spring-2013.lecture-notes.MIT15_053S13_lec9.pdf"
          identifierref="r_contents.lecture-notes.MIT15_053S13_lec9.pdf">
				<title>Discussion of projects; slack variables vs. artificial variables</title>
				</item>
				<item identifier="i_15-053-optimization-methods-in-management-science-spring-2013.lecture-notes.MIT15_053S13_lec6.pdf"
          identifierref="r_contents.lecture-notes.MIT15_053S13_lec6.pdf">
				<title>Sensitivity analysis and shadow prices</title>
				</item>
				<item identifier="i_15-053-optimization-methods-in-management-science-spring-2013.lecture-notes.lec16_assn.xls"
          identifierref="r_contents.lecture-notes.lec16_assn.xls">
				<title>lec16_assn.xls</title>
				</item>
				<item identifier="i_15-053-optimization-methods-in-management-science-spring-2013.lecture-notes.lec02_diet.xlsx"
          identifierref="r_contents.lecture-notes.lec02_diet.xlsx">
				<title>lec02_diet.xlsx</title>
				</item>
				<item identifier="i_15-053-optimization-methods-in-management-science-spring-2013.lecture-notes.MIT15_053S13_lec2.pdf"
          identifierref="r_contents.lecture-notes.MIT15_053S13_lec2.pdf">
				<title>Formulations of linear and non-linear programs</title>
				</item>
				<item identifier="i_15-053-optimization-methods-in-management-science-spring-2013.lecture-notes.MIT15_053S13_lec14.pdf"
          identifierref="r_contents.lecture-notes.MIT15_053S13_lec14.pdf">
				<title>Integer programming formulations, again</title>
				</item>
				<item identifier="i_15-053-optimization-methods-in-management-science-spring-2013.lecture-notes.MIT15_053S13_lec10.pdf"
          identifierref="r_contents.lecture-notes.MIT15_053S13_lec10.pdf">
				<title>Introduction to integer programming</title>
				</item>
				<item identifier="i_15-053-optimization-methods-in-management-science-spring-2013.lecture-notes.MIT15_053S13_lec17.pdf"
          identifierref="r_contents.lecture-notes.MIT15_053S13_lec17.pdf">
				<title>Networks 3: Traveling salesman problem</title>
				</item>
				<item identifier="i_15-053-optimization-methods-in-management-science-spring-2013.lecture-notes.MIT15_053S13_lec19.pdf"
          identifierref="r_contents.lecture-notes.MIT15_053S13_lec19.pdf">
				<title>Decision trees 2: the value of information</title>
				</item>
				<item identifier="i_15-053-optimization-methods-in-management-science-spring-2013.lecture-notes.lec06_mc2.xlsx"
          identifierref="r_contents.lecture-notes.lec06_mc2.xlsx">
				<title>lec06_mc2.xlsx</title>
				</item>
				<item identifier="i_15-053-optimization-methods-in-management-science-spring-2013.lecture-notes.MIT15_053S13_lec7.pdf"
          identifierref="r_contents.lecture-notes.MIT15_053S13_lec7.pdf">
				<title>Game theory 1: 2-person 0-sum, or constant sum</title>
				</item>
				<item identifier="i_15-053-optimization-methods-in-management-science-spring-2013.lecture-notes.MIT15_053S13_lec3.pdf"
          identifierref="r_contents.lecture-notes.MIT15_053S13_lec3.pdf">
				<title>Geometry and visualizations of linear programs</title>
				</item>
				<item identifier="i_15-053-optimization-methods-in-management-science-spring-2013.lecture-notes.MIT15_053S13_lec8.pdf"
          identifierref="r_contents.lecture-notes.MIT15_053S13_lec8.pdf">
				<title>Game theory 2</title>
				</item>
				<item identifier="i_15-053-optimization-methods-in-management-science-spring-2013.lecture-notes.MIT15_053S13_lec16.pdf"
          identifierref="r_contents.lecture-notes.MIT15_053S13_lec16.pdf">
				<title>Networks 2: Network flows</title>
				</item>
				<item identifier="i_15-053-optimization-methods-in-management-science-spring-2013.lecture-notes.MIT15_053S13_lec15.pdf"
          identifierref="r_contents.lecture-notes.MIT15_053S13_lec15.pdf">
				<title>Networks 1: Shortest path problem</title>
				</item>
				<item identifier="i_15-053-optimization-methods-in-management-science-spring-2013.lecture-notes.MIT15_053S13_lec1.pdf"
          identifierref="r_contents.lecture-notes.MIT15_053S13_lec1.pdf">
				<title>Introduction</title>
				</item>
				<item identifier="i_15-053-optimization-methods-in-management-science-spring-2013.lecture-notes.MIT15_053S13_iprefguide.pdf"
          identifierref="r_contents.lecture-notes.MIT15_053S13_iprefguide.pdf">
				<title>IP reference guide</title>
				</item>
				<item identifier="i_15-053-optimization-methods-in-management-science-spring-2013.lecture-notes.lec18_decision.xlsx"
          identifierref="r_contents.lecture-notes.lec18_decision.xlsx">
				<title>lec18_decision.xlsx</title>
				</item>
				<item identifier="i_15-053-optimization-methods-in-management-science-spring-2013.lecture-notes.MIT15_053S13_lec4.pdf"
          identifierref="r_contents.lecture-notes.MIT15_053S13_lec4.pdf">
				<title>The simplex method 1</title>
				</item>
				<item identifier="i_15-053-optimization-methods-in-management-science-spring-2013.lecture-notes.MIT15_053S13_lec18.pdf"
          identifierref="r_contents.lecture-notes.MIT15_053S13_lec18.pdf">
				<title>Decision trees 1</title>
				</item>
				<item identifier="i_15-053-optimization-methods-in-management-science-spring-2013.lecture-notes.MIT15_053S13_lec11.pdf"
          identifierref="r_contents.lecture-notes.MIT15_053S13_lec11.pdf">
				<title>Integer programming formulations</title>
				</item>
				<item identifier="i_15-053-optimization-methods-in-management-science-spring-2013.lecture-notes.MIT15_053S13_lec5.pdf"
          identifierref="r_contents.lecture-notes.MIT15_053S13_lec5.pdf">
				<title>The simplex method 2</title>
				</item>
				<item identifier="i_15-053-optimization-methods-in-management-science-spring-2013.lecture-notes.MIT15_053S13_lec20-21.pdf"
          identifierref="r_contents.lecture-notes.MIT15_053S13_lec20-21.pdf">
				<title>Behavioral economics</title>
				</item>
				<item identifier="i_15-053-optimization-methods-in-management-science-spring-2013.lecture-notes.MIT15_053S13_lec12.pdf"
          identifierref="r_contents.lecture-notes.MIT15_053S13_lec12.pdf">
				<title>Integer programming techniques 1:  branch and bound</title>
				</item>
				<item identifier="i_15-053-optimization-methods-in-management-science-spring-2013.lecture-notes.lec06_tableaus.xlsx"
          identifierref="r_contents.lecture-notes.lec06_tableaus.xlsx">
				<title>lec06_tableaus.xlsx</title>
				</item>
				<item identifier="i_15-053-optimization-methods-in-management-science-spring-2013.lecture-notes.lec01_partition.xlsm"
          identifierref="r_contents.lecture-notes.lec01_partition.xlsm">
				<title>lec01_partition.xlsm</title>
				</item>
			</item>
            <item identifier="i_15-053-optimization-methods-in-management-science-spring-2013.recitations"
                  identifierref="r_contents.recitations.index.htm"
                  ocw:sectionTemplateType="CourseSection"
                  ocw:sectionTemplateVersion="2020-7-4">
				<title>Recitation Problems</title>
				<item identifier="i_15-053-optimization-methods-in-management-science-spring-2013.recitations.MIT15_053S13_rec06.pdf"
          identifierref="r_contents.recitations.MIT15_053S13_rec06.pdf">
				<title>Recitation 6 problems</title>
				</item>
				<item identifier="i_15-053-optimization-methods-in-management-science-spring-2013.recitations.MIT15_053S13_rec05sol.pdf"
          identifierref="r_contents.recitations.MIT15_053S13_rec05sol.pdf">
				<title>Recitation 5 solutions</title>
				</item>
				<item identifier="i_15-053-optimization-methods-in-management-science-spring-2013.recitations.MIT15_053S13_rec09.pdf"
          identifierref="r_contents.recitations.MIT15_053S13_rec09.pdf">
				<title>Recitation 9 problems</title>
				</item>
				<item identifier="i_15-053-optimization-methods-in-management-science-spring-2013.recitations.MIT15_053S13_rec08.pdf"
          identifierref="r_contents.recitations.MIT15_053S13_rec08.pdf">
				<title>Recitation 8 problems</title>
				</item>
				<item identifier="i_15-053-optimization-methods-in-management-science-spring-2013.recitations.MIT15_053S13_rec01.pdf"
          identifierref="r_contents.recitations.MIT15_053S13_rec01.pdf">
				<title>Recitation 1 problems</title>
				</item>
				<item identifier="i_15-053-optimization-methods-in-management-science-spring-2013.recitations.MIT15_053S13_rec03.pdf"
          identifierref="r_contents.recitations.MIT15_053S13_rec03.pdf">
				<title>Recitation 3 problems</title>
				</item>
				<item identifier="i_15-053-optimization-methods-in-management-science-spring-2013.recitations.MIT15_053S13_rec07sol.pdf"
          identifierref="r_contents.recitations.MIT15_053S13_rec07sol.pdf">
				<title>Recitation 7 solutions</title>
				</item>
				<item identifier="i_15-053-optimization-methods-in-management-science-spring-2013.recitations.MIT15_053S13_rec10sol.pdf"
          identifierref="r_contents.recitations.MIT15_053S13_rec10sol.pdf">
				<title>Recitation 10 solutions</title>
				</item>
				<item identifier="i_15-053-optimization-methods-in-management-science-spring-2013.recitations.MIT15_053S13_rec07.pdf"
          identifierref="r_contents.recitations.MIT15_053S13_rec07.pdf">
				<title>Recitation 7 problems</title>
				</item>
				<item identifier="i_15-053-optimization-methods-in-management-science-spring-2013.recitations.MIT15_053S13_rec04sol.pdf"
          identifierref="r_contents.recitations.MIT15_053S13_rec04sol.pdf">
				<title>Recitation 4 solutions</title>
				</item>
				<item identifier="i_15-053-optimization-methods-in-management-science-spring-2013.recitations.MIT15_053S13_rec02.pdf"
          identifierref="r_contents.recitations.MIT15_053S13_rec02.pdf">
				<title>Recitation 2 problems</title>
				</item>
				<item identifier="i_15-053-optimization-methods-in-management-science-spring-2013.recitations.MIT15_053S13_rec06sol.pdf"
          identifierref="r_contents.recitations.MIT15_053S13_rec06sol.pdf">
				<title>Recitation 6 solutions</title>
				</item>
				<item identifier="i_15-053-optimization-methods-in-management-science-spring-2013.recitations.MIT15_053S13_rec04.pdf"
          identifierref="r_contents.recitations.MIT15_053S13_rec04.pdf">
				<title>Recitation 4 problems</title>
				</item>
				<item identifier="i_15-053-optimization-methods-in-management-science-spring-2013.recitations.MIT15_053S13_rec09sol.pdf"
          identifierref="r_contents.recitations.MIT15_053S13_rec09sol.pdf">
				<title>Recitation 9 solutions</title>
				</item>
				<item identifier="i_15-053-optimization-methods-in-management-science-spring-2013.recitations.MIT15_053S13_rec02sol.pdf"
          identifierref="r_contents.recitations.MIT15_053S13_rec02sol.pdf">
				<title>Recitation 2 solutions</title>
				</item>
				<item identifier="i_15-053-optimization-methods-in-management-science-spring-2013.recitations.MIT15_053S13_rec03sol.pdf"
          identifierref="r_contents.recitations.MIT15_053S13_rec03sol.pdf">
				<title>Recitation 3 solutions</title>
				</item>
				<item identifier="i_15-053-optimization-methods-in-management-science-spring-2013.recitations.MIT15_053S13_rec01sol.pdf"
          identifierref="r_contents.recitations.MIT15_053S13_rec01sol.pdf">
				<title>Recitation 1 solutions</title>
				</item>
				<item identifier="i_15-053-optimization-methods-in-management-science-spring-2013.recitations.MIT15_053S13_rec08sol.pdf"
          identifierref="r_contents.recitations.MIT15_053S13_rec08sol.pdf">
				<title>Recitation 8 solutions</title>
				</item>
				<item identifier="i_15-053-optimization-methods-in-management-science-spring-2013.recitations.MIT15_053S13_rec05.pdf"
          identifierref="r_contents.recitations.MIT15_053S13_rec05.pdf">
				<title>Recitation 5 problems</title>
				</item>
				<item identifier="i_15-053-optimization-methods-in-management-science-spring-2013.recitations.MIT15_053S13_rec10.pdf"
          identifierref="r_contents.recitations.MIT15_053S13_rec10.pdf">
				<title>Recitation 10 problems</title>
				</item>
			</item>
            <item identifier="i_15-053-optimization-methods-in-management-science-spring-2013.syllabus"
                  identifierref="r_contents.syllabus.index.htm"
                  ocw:sectionTemplateType="CourseSection"
                  ocw:sectionTemplateVersion="2020-7-4">
				<title>Syllabus</title>
			</item>
            <item identifier="i_15-053-optimization-methods-in-management-science-spring-2013.assignments"
                  identifierref="r_contents.assignments.index.htm"
                  ocw:sectionTemplateType="CourseSection"
                  ocw:sectionTemplateVersion="2020-7-4">
				<title>Assignments</title>
				<item identifier="i_15-053-optimization-methods-in-management-science-spring-2013.assignments.ps2-2.xls"
          identifierref="r_contents.assignments.ps2-2.xls">
				<title>ps2-2.xls</title>
				</item>
				<item identifier="i_15-053-optimization-methods-in-management-science-spring-2013.assignments.MIT15_053S13_ps2-1.pdf"
          identifierref="r_contents.assignments.MIT15_053S13_ps2-1.pdf">
				<title>Problem Set 2 – Group 1</title>
				</item>
				<item identifier="i_15-053-optimization-methods-in-management-science-spring-2013.assignments.MIT15_053S13_ps6.pdf"
          identifierref="r_contents.assignments.MIT15_053S13_ps6.pdf">
				<title>Problem Set 6</title>
				</item>
				<item identifier="i_15-053-optimization-methods-in-management-science-spring-2013.assignments.ps3_sol.xls"
          identifierref="r_contents.assignments.ps3_sol.xls">
				<title>ps3_sol.xls</title>
				</item>
				<item identifier="i_15-053-optimization-methods-in-management-science-spring-2013.assignments.ps2-1.xls"
          identifierref="r_contents.assignments.ps2-1.xls">
				<title>ps2-1.xls</title>
				</item>
				<item identifier="i_15-053-optimization-methods-in-management-science-spring-2013.assignments.ps1-1_sol.xls"
          identifierref="r_contents.assignments.ps1-1_sol.xls">
				<title>ps1-1_sol.xls</title>
				</item>
				<item identifier="i_15-053-optimization-methods-in-management-science-spring-2013.assignments.MIT15_053S13_ps2-2.pdf"
          identifierref="r_contents.assignments.MIT15_053S13_ps2-2.pdf">
				<title>Problem Set 2 – Group 2</title>
				</item>
				<item identifier="i_15-053-optimization-methods-in-management-science-spring-2013.assignments.ps6.xlsb"
          identifierref="r_contents.assignments.ps6.xlsb">
				<title>ps6.xlsb</title>
				</item>
				<item identifier="i_15-053-optimization-methods-in-management-science-spring-2013.assignments.MIT15_053S13_ps4.pdf"
          identifierref="r_contents.assignments.MIT15_053S13_ps4.pdf">
				<title>Problem Set 4</title>
				</item>
				<item identifier="i_15-053-optimization-methods-in-management-science-spring-2013.assignments.MIT15_053S13_ps5.pdf"
          identifierref="r_contents.assignments.MIT15_053S13_ps5.pdf">
				<title>Problem Set 5</title>
				</item>
				<item identifier="i_15-053-optimization-methods-in-management-science-spring-2013.assignments.ps6_sol.xlsx"
          identifierref="r_contents.assignments.ps6_sol.xlsx">
				<title>ps6_sol.xlsx</title>
				</item>
				<item identifier="i_15-053-optimization-methods-in-management-science-spring-2013.assignments.ps1-2.xls"
          identifierref="r_contents.assignments.ps1-2.xls">
				<title>ps1-2.xls</title>
				</item>
				<item identifier="i_15-053-optimization-methods-in-management-science-spring-2013.assignments.MIT15_053S13_ps1-1sol.pdf"
          identifierref="r_contents.assignments.MIT15_053S13_ps1-1sol.pdf">
				<title>Problem Set 1 solutions – Group 1</title>
				</item>
				<item identifier="i_15-053-optimization-methods-in-management-science-spring-2013.assignments.MIT15_053S13_ps1-1.pdf"
          identifierref="r_contents.assignments.MIT15_053S13_ps1-1.pdf">
				<title>Problem Set 1 – Group 1</title>
				</item>
				<item identifier="i_15-053-optimization-methods-in-management-science-spring-2013.assignments.MIT15_053S13_ps6sol.pdf"
          identifierref="r_contents.assignments.MIT15_053S13_ps6sol.pdf">
				<title>Problem Set 6 solution</title>
				</item>
				<item identifier="i_15-053-optimization-methods-in-management-science-spring-2013.assignments.MIT15_053S13_ps4sol.pdf"
          identifierref="r_contents.assignments.MIT15_053S13_ps4sol.pdf">
				<title>Problem Set 4 solutions</title>
				</item>
				<item identifier="i_15-053-optimization-methods-in-management-science-spring-2013.assignments.MIT15_053S13_ps3.pdf"
          identifierref="r_contents.assignments.MIT15_053S13_ps3.pdf">
				<title>Problem Set 3</title>
				</item>
				<item identifier="i_15-053-optimization-methods-in-management-science-spring-2013.assignments.MIT15_053S13_ps5sol.pdf"
          identifierref="r_contents.assignments.MIT15_053S13_ps5sol.pdf">
				<title>Problem Set 5 solutions</title>
				</item>
				<item identifier="i_15-053-optimization-methods-in-management-science-spring-2013.assignments.ps1-2_sol.xls"
          identifierref="r_contents.assignments.ps1-2_sol.xls">
				<title>ps1-2_sol.xls</title>
				</item>
				<item identifier="i_15-053-optimization-methods-in-management-science-spring-2013.assignments.MIT15_053S13_ps1-2sol.pdf"
          identifierref="r_contents.assignments.MIT15_053S13_ps1-2sol.pdf">
				<title>Problem Set 1 solutions – Group 2</title>
				</item>
				<item identifier="i_15-053-optimization-methods-in-management-science-spring-2013.assignments.ps1-1.xls"
          identifierref="r_contents.assignments.ps1-1.xls">
				<title>ps1-1.xls</title>
				</item>
				<item identifier="i_15-053-optimization-methods-in-management-science-spring-2013.assignments.MIT15_053S13_ps1-2.pdf"
          identifierref="r_contents.assignments.MIT15_053S13_ps1-2.pdf">
				<title>Problem Set 1 – Group 2</title>
				</item>
				<item identifier="i_15-053-optimization-methods-in-management-science-spring-2013.assignments.MIT15_053S13_ps2-2sol.pdf"
          identifierref="r_contents.assignments.MIT15_053S13_ps2-2sol.pdf">
				<title>Problem Set 2 solutions – Group 2</title>
				</item>
				<item identifier="i_15-053-optimization-methods-in-management-science-spring-2013.assignments.MIT15_053S13_ps2-1sol.pdf"
          identifierref="r_contents.assignments.MIT15_053S13_ps2-1sol.pdf">
				<title>Problem Set 2 solutions – Group 1</title>
				</item>
			</item>
            <item identifier="i_15-053-optimization-methods-in-management-science-spring-2013.study-materials"
                  identifierref="r_contents.study-materials.index.htm"
                  ocw:sectionTemplateType="CourseSection"
                  ocw:sectionTemplateVersion="2020-7-4">
				<title>Study Materials</title>
				<item identifier="i_15-053-optimization-methods-in-management-science-spring-2013.study-materials.MIT15_053S13_quiz2guide.pdf"
          identifierref="r_contents.study-materials.MIT15_053S13_quiz2guide.pdf">
				<title>Quiz 2 study guide</title>
				</item>
				<item identifier="i_15-053-optimization-methods-in-management-science-spring-2013.study-materials.MIT15_053S13_pspractice.pdf"
          identifierref="r_contents.study-materials.MIT15_053S13_pspractice.pdf">
				<title>Practice problems</title>
				</item>
				<item identifier="i_15-053-optimization-methods-in-management-science-spring-2013.study-materials.MIT15_053S13_pspracticesol.pdf"
          identifierref="r_contents.study-materials.MIT15_053S13_pspracticesol.pdf">
				<title>Practice problems solutions</title>
				</item>
				<item identifier="i_15-053-optimization-methods-in-management-science-spring-2013.study-materials.MIT15_053S13_quiz6guide.pdf"
          identifierref="r_contents.study-materials.MIT15_053S13_quiz6guide.pdf">
				<title>Quiz 6 study guide</title>
				</item>
				<item identifier="i_15-053-optimization-methods-in-management-science-spring-2013.study-materials.MIT15_053S13_quiz3guide.pdf"
          identifierref="r_contents.study-materials.MIT15_053S13_quiz3guide.pdf">
				<title>Quiz 3 study guide</title>
				</item>
				<item identifier="i_15-053-optimization-methods-in-management-science-spring-2013.study-materials.MIT15_053S13_iprefabbrev.pdf"
          identifierref="r_contents.study-materials.MIT15_053S13_iprefabbrev.pdf">
				<title>IP Formulation guide - abbreviated</title>
				</item>
			</item>
            <item identifier="i_15-053-optimization-methods-in-management-science-spring-2013.tutorials"
                  identifierref="r_contents.tutorials.index.htm"
                  ocw:sectionTemplateType="CourseSection"
                  ocw:sectionTemplateVersion="2020-7-4">
				<title>Tutorials</title>
				<item identifier="i_15-053-optimization-methods-in-management-science-spring-2013.tutorials.MIT15_053S13_tut03.pdf"
          identifierref="r_contents.tutorials.MIT15_053S13_tut03.pdf">
				<title>Tutorial 3: Microsoft® Excel Solver techniques</title>
				</item>
				<item identifier="i_15-053-optimization-methods-in-management-science-spring-2013.tutorials.MIT15_053S13_tut08.pdf"
          identifierref="r_contents.tutorials.MIT15_053S13_tut08.pdf">
				<title>Tutorial 8: 2-person 0-sum games</title>
				</item>
				<item identifier="i_15-053-optimization-methods-in-management-science-spring-2013.tutorials.MIT15_053S13_tut07.pdf"
          identifierref="r_contents.tutorials.MIT15_053S13_tut07.pdf">
				<title>Tutorial 7: Degeneracy in linear programming</title>
				</item>
				<item identifier="i_15-053-optimization-methods-in-management-science-spring-2013.tutorials.MIT15_053S13_tut04.pdf"
          identifierref="r_contents.tutorials.MIT15_053S13_tut04.pdf">
				<title>Tutorial 4: LP transformation techniques</title>
				</item>
				<item identifier="i_15-053-optimization-methods-in-management-science-spring-2013.tutorials.MIT15_053S13_tut05.pdf"
          identifierref="r_contents.tutorials.MIT15_053S13_tut05.pdf">
				<title>Tutorial 5: Sensitivity analysis in 2 dimensions</title>
				</item>
				<item identifier="i_15-053-optimization-methods-in-management-science-spring-2013.tutorials.MIT15_053S13_tut11.pdf"
          identifierref="r_contents.tutorials.MIT15_053S13_tut11.pdf">
				<title>Tutorial 11: Gomory cuts and a little more</title>
				</item>
				<item identifier="i_15-053-optimization-methods-in-management-science-spring-2013.tutorials.MIT15_053S13_tut10.pdf"
          identifierref="r_contents.tutorials.MIT15_053S13_tut10.pdf">
				<title>Tutorial 10: Branch and bound</title>
				</item>
				<item identifier="i_15-053-optimization-methods-in-management-science-spring-2013.tutorials.MIT15_053S13_tut01.pdf"
          identifierref="r_contents.tutorials.MIT15_053S13_tut01.pdf">
				<title>Tutorial 1: Introduction to LP formulations</title>
				</item>
				<item identifier="i_15-053-optimization-methods-in-management-science-spring-2013.tutorials.MIT15_053S13_tut09.pdf"
          identifierref="r_contents.tutorials.MIT15_053S13_tut09.pdf">
				<title>Tutorial 9: Transformations in integer programming</title>
				</item>
				<item identifier="i_15-053-optimization-methods-in-management-science-spring-2013.tutorials.MIT15_053S13_tut02.pdf"
          identifierref="r_contents.tutorials.MIT15_053S13_tut02.pdf">
				<title>Tutorial 2: Algebraic formulations</title>
				</item>
				<item identifier="i_15-053-optimization-methods-in-management-science-spring-2013.tutorials.MIT15_053S13_tut06.pdf"
          identifierref="r_contents.tutorials.MIT15_053S13_tut06.pdf">
				<title>Tutorial 6: Converting a linear program to standard form</title>
				</item>
			</item>
            <item identifier="i_15-053-optimization-methods-in-management-science-spring-2013.projects"
                  identifierref="r_contents.projects.index.htm"
                  ocw:sectionTemplateType="CourseSection"
                  ocw:sectionTemplateVersion="2020-7-4">
				<title>Projects</title>
			</item>
            <item identifier="i_terms"
                  identifierref="r_common.terms.index.htm"
                  ocw:sectionTemplateType="GlobalSection"
                  ocw:sectionTemplateVersion="2020-7-4">
				<title>Legal Notices</title>
			</item>
            <item identifier="i_terms"
                  identifierref="r_common.terms.index.htm"
                  ocw:sectionTemplateType="GlobalSection"
                  ocw:sectionTemplateVersion="2020-7-4">
				<title>Privacy Statement</title>
			</item>
            <item identifier="i_terms.trademarks"
                  identifierref="r_common.terms.trademarks.index.htm"
                  ocw:sectionTemplateType="GlobalSection"
                  ocw:sectionTemplateVersion="2020-7-4">
				<title>Trademark Notices</title>
			</item>
        </organization>
    </organizations>
    <resources>
        <resource identifier="r_contents.assignments.MIT15_053S13_ps4.pdf"
                  type="other"
                  href="contents/assignments/MIT15_053S13_ps4.pdf">
            <metadata>
                <adlcp:location>contents/assignments/MIT15_053S13_ps4.pdf.xml</adlcp:location>
            </metadata>
            <file href="contents/assignments/MIT15_053S13_ps4.pdf"/>
                        
        </resource>
        <resource identifier="r_contents.recitations.MIT15_053S13_rec10sol.pdf"
                  type="other"
                  href="contents/recitations/MIT15_053S13_rec10sol.pdf">
            <metadata>
                <adlcp:location>contents/recitations/MIT15_053S13_rec10sol.pdf.xml</adlcp:location>
            </metadata>
            <file href="contents/recitations/MIT15_053S13_rec10sol.pdf"/>
                        
        </resource>
        <resource identifier="r_contents.recitations.index.htm"
                  type="webcontent"
                  href="contents/recitations/index.htm">
            <metadata>
                <adlcp:location>contents/recitations/index.htm.xml</adlcp:location>
            </metadata>
            <file href="contents/recitations/index.htm"/>
            <dependency identifierref="webrenderrequirements.15-053-optimization-methods-in-management-science-spring-2013"/>            
        </resource>
        <resource identifier="r_contents.recitations.MIT15_053S13_rec03sol.pdf"
                  type="other"
                  href="contents/recitations/MIT15_053S13_rec03sol.pdf">
            <metadata>
                <adlcp:location>contents/recitations/MIT15_053S13_rec03sol.pdf.xml</adlcp:location>
            </metadata>
            <file href="contents/recitations/MIT15_053S13_rec03sol.pdf"/>
                        
        </resource>
        <resource identifier="r_contents.lecture-notes.MIT15_053S13_iprefguide.pdf"
                  type="other"
                  href="contents/lecture-notes/MIT15_053S13_iprefguide.pdf">
            <metadata>
                <adlcp:location>contents/lecture-notes/MIT15_053S13_iprefguide.pdf.xml</adlcp:location>
            </metadata>
            <file href="contents/lecture-notes/MIT15_053S13_iprefguide.pdf"/>
                        
        </resource>
        <resource identifier="r_contents.tutorials.MIT15_053S13_tut04.pdf"
                  type="other"
                  href="contents/tutorials/MIT15_053S13_tut04.pdf">
            <metadata>
                <adlcp:location>contents/tutorials/MIT15_053S13_tut04.pdf.xml</adlcp:location>
            </metadata>
            <file href="contents/tutorials/MIT15_053S13_tut04.pdf"/>
                        
        </resource>
        <resource identifier="r_contents.recitations.MIT15_053S13_rec05sol.pdf"
                  type="other"
                  href="contents/recitations/MIT15_053S13_rec05sol.pdf">
            <metadata>
                <adlcp:location>contents/recitations/MIT15_053S13_rec05sol.pdf.xml</adlcp:location>
            </metadata>
            <file href="contents/recitations/MIT15_053S13_rec05sol.pdf"/>
                        
        </resource>
        <resource identifier="r_contents.lecture-notes.MIT15_053S13_lec4.pdf"
                  type="other"
                  href="contents/lecture-notes/MIT15_053S13_lec4.pdf">
            <metadata>
                <adlcp:location>contents/lecture-notes/MIT15_053S13_lec4.pdf.xml</adlcp:location>
            </metadata>
            <file href="contents/lecture-notes/MIT15_053S13_lec4.pdf"/>
                        
        </resource>
        <resource identifier="r_contents.lecture-notes.lec16_assn.xls"
                  type="other"
                  href="contents/lecture-notes/lec16_assn.xls">
            <metadata>
                <adlcp:location>contents/lecture-notes/lec16_assn.xls.xml</adlcp:location>
            </metadata>
            <file href="contents/lecture-notes/lec16_assn.xls"/>
                        
        </resource>
        <resource identifier="r_contents.lecture-notes.lec02_diet.xlsx"
                  type="other"
                  href="contents/lecture-notes/lec02_diet.xlsx">
            <metadata>
                <adlcp:location>contents/lecture-notes/lec02_diet.xlsx.xml</adlcp:location>
            </metadata>
            <file href="contents/lecture-notes/lec02_diet.xlsx"/>
                        
        </resource>
        <resource identifier="r_contents.lecture-notes.MIT15_053S13_lec3.pdf"
                  type="other"
                  href="contents/lecture-notes/MIT15_053S13_lec3.pdf">
            <metadata>
                <adlcp:location>contents/lecture-notes/MIT15_053S13_lec3.pdf.xml</adlcp:location>
            </metadata>
            <file href="contents/lecture-notes/MIT15_053S13_lec3.pdf"/>
                        
        </resource>
        <resource identifier="r_contents.syllabus.index.htm"
                  type="webcontent"
                  href="contents/syllabus/index.htm">
            <metadata>
                <adlcp:location>contents/syllabus/index.htm.xml</adlcp:location>
            </metadata>
            <file href="contents/syllabus/index.htm"/>
            <dependency identifierref="webrenderrequirements.15-053-optimization-methods-in-management-science-spring-2013"/>            
        </resource>
        <resource identifier="r_contents.index.htm"
                  type="webcontent"
                  href="contents/index.htm">
            <metadata>
                <adlcp:location>contents/index.htm.xml</adlcp:location>
            </metadata>
            <file href="contents/index.htm"/>
            <dependency identifierref="webrenderrequirements.15-053-optimization-methods-in-management-science-spring-2013"/>            
        </resource>
        <resource identifier="r_contents.lecture-notes.MIT15_053S13_lec10.pdf"
                  type="other"
                  href="contents/lecture-notes/MIT15_053S13_lec10.pdf">
            <metadata>
                <adlcp:location>contents/lecture-notes/MIT15_053S13_lec10.pdf.xml</adlcp:location>
            </metadata>
            <file href="contents/lecture-notes/MIT15_053S13_lec10.pdf"/>
                        
        </resource>
        <resource identifier="r_contents.recitations.MIT15_053S13_rec07.pdf"
                  type="other"
                  href="contents/recitations/MIT15_053S13_rec07.pdf">
            <metadata>
                <adlcp:location>contents/recitations/MIT15_053S13_rec07.pdf.xml</adlcp:location>
            </metadata>
            <file href="contents/recitations/MIT15_053S13_rec07.pdf"/>
                        
        </resource>
        <resource identifier="r_contents.assignments.ps1-2.xls"
                  type="other"
                  href="contents/assignments/ps1-2.xls">
            <metadata>
                <adlcp:location>contents/assignments/ps1-2.xls.xml</adlcp:location>
            </metadata>
            <file href="contents/assignments/ps1-2.xls"/>
                        
        </resource>
        <resource identifier="r_contents.recitations.MIT15_053S13_rec04sol.pdf"
                  type="other"
                  href="contents/recitations/MIT15_053S13_rec04sol.pdf">
            <metadata>
                <adlcp:location>contents/recitations/MIT15_053S13_rec04sol.pdf.xml</adlcp:location>
            </metadata>
            <file href="contents/recitations/MIT15_053S13_rec04sol.pdf"/>
                        
        </resource>
        <resource identifier="r_contents.study-materials.index.htm"
                  type="webcontent"
                  href="contents/study-materials/index.htm">
            <metadata>
                <adlcp:location>contents/study-materials/index.htm.xml</adlcp:location>
            </metadata>
            <file href="contents/study-materials/index.htm"/>
            <dependency identifierref="webrenderrequirements.15-053-optimization-methods-in-management-science-spring-2013"/>            
        </resource>
        <resource identifier="r_contents.recitations.MIT15_053S13_rec06sol.pdf"
                  type="other"
                  href="contents/recitations/MIT15_053S13_rec06sol.pdf">
            <metadata>
                <adlcp:location>contents/recitations/MIT15_053S13_rec06sol.pdf.xml</adlcp:location>
            </metadata>
            <file href="contents/recitations/MIT15_053S13_rec06sol.pdf"/>
                        
        </resource>
        <resource identifier="r_contents.recitations.MIT15_053S13_rec10.pdf"
                  type="other"
                  href="contents/recitations/MIT15_053S13_rec10.pdf">
            <metadata>
                <adlcp:location>contents/recitations/MIT15_053S13_rec10.pdf.xml</adlcp:location>
            </metadata>
            <file href="contents/recitations/MIT15_053S13_rec10.pdf"/>
                        
        </resource>
        <resource identifier="r_contents.study-materials.MIT15_053S13_quiz6guide.pdf"
                  type="other"
                  href="contents/study-materials/MIT15_053S13_quiz6guide.pdf">
            <metadata>
                <adlcp:location>contents/study-materials/MIT15_053S13_quiz6guide.pdf.xml</adlcp:location>
            </metadata>
            <file href="contents/study-materials/MIT15_053S13_quiz6guide.pdf"/>
                        
        </resource>
        <resource identifier="r_contents.assignments.ps6.xlsb"
                  type="other"
                  href="contents/assignments/ps6.xlsb">
            <metadata>
                <adlcp:location>contents/assignments/ps6.xlsb.xml</adlcp:location>
            </metadata>
            <file href="contents/assignments/ps6.xlsb"/>
                        
        </resource>
        <resource identifier="r_contents.tutorials.MIT15_053S13_tut01.pdf"
                  type="other"
                  href="contents/tutorials/MIT15_053S13_tut01.pdf">
            <metadata>
                <adlcp:location>contents/tutorials/MIT15_053S13_tut01.pdf.xml</adlcp:location>
            </metadata>
            <file href="contents/tutorials/MIT15_053S13_tut01.pdf"/>
                        
        </resource>
        <resource identifier="r_contents.lecture-notes.MIT15_053S13_lec19.pdf"
                  type="other"
                  href="contents/lecture-notes/MIT15_053S13_lec19.pdf">
            <metadata>
                <adlcp:location>contents/lecture-notes/MIT15_053S13_lec19.pdf.xml</adlcp:location>
            </metadata>
            <file href="contents/lecture-notes/MIT15_053S13_lec19.pdf"/>
                        
        </resource>
        <resource identifier="r_contents.assignments.MIT15_053S13_ps6.pdf"
                  type="other"
                  href="contents/assignments/MIT15_053S13_ps6.pdf">
            <metadata>
                <adlcp:location>contents/assignments/MIT15_053S13_ps6.pdf.xml</adlcp:location>
            </metadata>
            <file href="contents/assignments/MIT15_053S13_ps6.pdf"/>
                        
        </resource>
        <resource identifier="r_contents.assignments.MIT15_053S13_ps1-1.pdf"
                  type="other"
                  href="contents/assignments/MIT15_053S13_ps1-1.pdf">
            <metadata>
                <adlcp:location>contents/assignments/MIT15_053S13_ps1-1.pdf.xml</adlcp:location>
            </metadata>
            <file href="contents/assignments/MIT15_053S13_ps1-1.pdf"/>
                        
        </resource>
        <resource identifier="r_contents.assignments.index.htm"
                  type="webcontent"
                  href="contents/assignments/index.htm">
            <metadata>
                <adlcp:location>contents/assignments/index.htm.xml</adlcp:location>
            </metadata>
            <file href="contents/assignments/index.htm"/>
            <dependency identifierref="webrenderrequirements.15-053-optimization-methods-in-management-science-spring-2013"/>            
        </resource>
        <resource identifier="r_contents.study-materials.MIT15_053S13_iprefabbrev.pdf"
                  type="other"
                  href="contents/study-materials/MIT15_053S13_iprefabbrev.pdf">
            <metadata>
                <adlcp:location>contents/study-materials/MIT15_053S13_iprefabbrev.pdf.xml</adlcp:location>
            </metadata>
            <file href="contents/study-materials/MIT15_053S13_iprefabbrev.pdf"/>
                        
        </resource>
        <resource identifier="r_contents.lecture-notes.lec01_partition.xlsm"
                  type="other"
                  href="contents/lecture-notes/lec01_partition.xlsm">
            <metadata>
                <adlcp:location>contents/lecture-notes/lec01_partition.xlsm.xml</adlcp:location>
            </metadata>
            <file href="contents/lecture-notes/lec01_partition.xlsm"/>
                        
        </resource>
        <resource identifier="r_contents.assignments.MIT15_053S13_ps1-2.pdf"
                  type="other"
                  href="contents/assignments/MIT15_053S13_ps1-2.pdf">
            <metadata>
                <adlcp:location>contents/assignments/MIT15_053S13_ps1-2.pdf.xml</adlcp:location>
            </metadata>
            <file href="contents/assignments/MIT15_053S13_ps1-2.pdf"/>
                        
        </resource>
        <resource identifier="r_contents.lecture-notes.lec06_mc2.xlsx"
                  type="other"
                  href="contents/lecture-notes/lec06_mc2.xlsx">
            <metadata>
                <adlcp:location>contents/lecture-notes/lec06_mc2.xlsx.xml</adlcp:location>
            </metadata>
            <file href="contents/lecture-notes/lec06_mc2.xlsx"/>
                        
        </resource>
        <resource identifier="r_contents.recitations.MIT15_053S13_rec02sol.pdf"
                  type="other"
                  href="contents/recitations/MIT15_053S13_rec02sol.pdf">
            <metadata>
                <adlcp:location>contents/recitations/MIT15_053S13_rec02sol.pdf.xml</adlcp:location>
            </metadata>
            <file href="contents/recitations/MIT15_053S13_rec02sol.pdf"/>
                        
        </resource>
        <resource identifier="r_contents.recitations.MIT15_053S13_rec05.pdf"
                  type="other"
                  href="contents/recitations/MIT15_053S13_rec05.pdf">
            <metadata>
                <adlcp:location>contents/recitations/MIT15_053S13_rec05.pdf.xml</adlcp:location>
            </metadata>
            <file href="contents/recitations/MIT15_053S13_rec05.pdf"/>
                        
        </resource>
        <resource identifier="r_contents.assignments.MIT15_053S13_ps2-2.pdf"
                  type="other"
                  href="contents/assignments/MIT15_053S13_ps2-2.pdf">
            <metadata>
                <adlcp:location>contents/assignments/MIT15_053S13_ps2-2.pdf.xml</adlcp:location>
            </metadata>
            <file href="contents/assignments/MIT15_053S13_ps2-2.pdf"/>
                        
        </resource>
        <resource identifier="r_contents.lecture-notes.MIT15_053S13_lec5.pdf"
                  type="other"
                  href="contents/lecture-notes/MIT15_053S13_lec5.pdf">
            <metadata>
                <adlcp:location>contents/lecture-notes/MIT15_053S13_lec5.pdf.xml</adlcp:location>
            </metadata>
            <file href="contents/lecture-notes/MIT15_053S13_lec5.pdf"/>
                        
        </resource>
        <resource identifier="r_contents.assignments.ps6_sol.xlsx"
                  type="other"
                  href="contents/assignments/ps6_sol.xlsx">
            <metadata>
                <adlcp:location>contents/assignments/ps6_sol.xlsx.xml</adlcp:location>
            </metadata>
            <file href="contents/assignments/ps6_sol.xlsx"/>
                        
        </resource>
        <resource identifier="r_contents.tutorials.MIT15_053S13_tut08.pdf"
                  type="other"
                  href="contents/tutorials/MIT15_053S13_tut08.pdf">
            <metadata>
                <adlcp:location>contents/tutorials/MIT15_053S13_tut08.pdf.xml</adlcp:location>
            </metadata>
            <file href="contents/tutorials/MIT15_053S13_tut08.pdf"/>
                        
        </resource>
        <resource identifier="r_contents.lecture-notes.MIT15_053S13_lec7.pdf"
                  type="other"
                  href="contents/lecture-notes/MIT15_053S13_lec7.pdf">
            <metadata>
                <adlcp:location>contents/lecture-notes/MIT15_053S13_lec7.pdf.xml</adlcp:location>
            </metadata>
            <file href="contents/lecture-notes/MIT15_053S13_lec7.pdf"/>
                        
        </resource>
        <resource identifier="r_contents.assignments.ps1-2_sol.xls"
                  type="other"
                  href="contents/assignments/ps1-2_sol.xls">
            <metadata>
                <adlcp:location>contents/assignments/ps1-2_sol.xls.xml</adlcp:location>
            </metadata>
            <file href="contents/assignments/ps1-2_sol.xls"/>
                        
        </resource>
        <resource identifier="r_contents.assignments.MIT15_053S13_ps2-2sol.pdf"
                  type="other"
                  href="contents/assignments/MIT15_053S13_ps2-2sol.pdf">
            <metadata>
                <adlcp:location>contents/assignments/MIT15_053S13_ps2-2sol.pdf.xml</adlcp:location>
            </metadata>
            <file href="contents/assignments/MIT15_053S13_ps2-2sol.pdf"/>
                        
        </resource>
        <resource identifier="r_contents.assignments.MIT15_053S13_ps4sol.pdf"
                  type="other"
                  href="contents/assignments/MIT15_053S13_ps4sol.pdf">
            <metadata>
                <adlcp:location>contents/assignments/MIT15_053S13_ps4sol.pdf.xml</adlcp:location>
            </metadata>
            <file href="contents/assignments/MIT15_053S13_ps4sol.pdf"/>
                        
        </resource>
        <resource identifier="r_contents.assignments.ps2-1.xls"
                  type="other"
                  href="contents/assignments/ps2-1.xls">
            <metadata>
                <adlcp:location>contents/assignments/ps2-1.xls.xml</adlcp:location>
            </metadata>
            <file href="contents/assignments/ps2-1.xls"/>
                        
        </resource>
        <resource identifier="r_contents.assignments.MIT15_053S13_ps3.pdf"
                  type="other"
                  href="contents/assignments/MIT15_053S13_ps3.pdf">
            <metadata>
                <adlcp:location>contents/assignments/MIT15_053S13_ps3.pdf.xml</adlcp:location>
            </metadata>
            <file href="contents/assignments/MIT15_053S13_ps3.pdf"/>
                        
        </resource>
        <resource identifier="r_contents.assignments.MIT15_053S13_ps2-1.pdf"
                  type="other"
                  href="contents/assignments/MIT15_053S13_ps2-1.pdf">
            <metadata>
                <adlcp:location>contents/assignments/MIT15_053S13_ps2-1.pdf.xml</adlcp:location>
            </metadata>
            <file href="contents/assignments/MIT15_053S13_ps2-1.pdf"/>
                        
        </resource>
        <resource identifier="r_contents.assignments.MIT15_053S13_ps1-1sol.pdf"
                  type="other"
                  href="contents/assignments/MIT15_053S13_ps1-1sol.pdf">
            <metadata>
                <adlcp:location>contents/assignments/MIT15_053S13_ps1-1sol.pdf.xml</adlcp:location>
            </metadata>
            <file href="contents/assignments/MIT15_053S13_ps1-1sol.pdf"/>
                        
        </resource>
        <resource identifier="r_contents.assignments.MIT15_053S13_ps6sol.pdf"
                  type="other"
                  href="contents/assignments/MIT15_053S13_ps6sol.pdf">
            <metadata>
                <adlcp:location>contents/assignments/MIT15_053S13_ps6sol.pdf.xml</adlcp:location>
            </metadata>
            <file href="contents/assignments/MIT15_053S13_ps6sol.pdf"/>
                        
        </resource>
        <resource identifier="r_contents.recitations.MIT15_053S13_rec04.pdf"
                  type="other"
                  href="contents/recitations/MIT15_053S13_rec04.pdf">
            <metadata>
                <adlcp:location>contents/recitations/MIT15_053S13_rec04.pdf.xml</adlcp:location>
            </metadata>
            <file href="contents/recitations/MIT15_053S13_rec04.pdf"/>
                        
        </resource>
        <resource identifier="r_contents.recitations.MIT15_053S13_rec08.pdf"
                  type="other"
                  href="contents/recitations/MIT15_053S13_rec08.pdf">
            <metadata>
                <adlcp:location>contents/recitations/MIT15_053S13_rec08.pdf.xml</adlcp:location>
            </metadata>
            <file href="contents/recitations/MIT15_053S13_rec08.pdf"/>
                        
        </resource>
        <resource identifier="r_contents.lecture-notes.MIT15_053S13_lec18.pdf"
                  type="other"
                  href="contents/lecture-notes/MIT15_053S13_lec18.pdf">
            <metadata>
                <adlcp:location>contents/lecture-notes/MIT15_053S13_lec18.pdf.xml</adlcp:location>
            </metadata>
            <file href="contents/lecture-notes/MIT15_053S13_lec18.pdf"/>
                        
        </resource>
        <resource identifier="r_contents.tutorials.MIT15_053S13_tut05.pdf"
                  type="other"
                  href="contents/tutorials/MIT15_053S13_tut05.pdf">
            <metadata>
                <adlcp:location>contents/tutorials/MIT15_053S13_tut05.pdf.xml</adlcp:location>
            </metadata>
            <file href="contents/tutorials/MIT15_053S13_tut05.pdf"/>
                        
        </resource>
        <resource identifier="r_contents.assignments.ps1-1_sol.xls"
                  type="other"
                  href="contents/assignments/ps1-1_sol.xls">
            <metadata>
                <adlcp:location>contents/assignments/ps1-1_sol.xls.xml</adlcp:location>
            </metadata>
            <file href="contents/assignments/ps1-1_sol.xls"/>
                        
        </resource>
        <resource identifier="r_contents.tutorials.MIT15_053S13_tut10.pdf"
                  type="other"
                  href="contents/tutorials/MIT15_053S13_tut10.pdf">
            <metadata>
                <adlcp:location>contents/tutorials/MIT15_053S13_tut10.pdf.xml</adlcp:location>
            </metadata>
            <file href="contents/tutorials/MIT15_053S13_tut10.pdf"/>
                        
        </resource>
        <resource identifier="r_contents.lecture-notes.MIT15_053S13_lec11.pdf"
                  type="other"
                  href="contents/lecture-notes/MIT15_053S13_lec11.pdf">
            <metadata>
                <adlcp:location>contents/lecture-notes/MIT15_053S13_lec11.pdf.xml</adlcp:location>
            </metadata>
            <file href="contents/lecture-notes/MIT15_053S13_lec11.pdf"/>
                        
        </resource>
        <resource identifier="r_contents.study-materials.MIT15_053S13_quiz3guide.pdf"
                  type="other"
                  href="contents/study-materials/MIT15_053S13_quiz3guide.pdf">
            <metadata>
                <adlcp:location>contents/study-materials/MIT15_053S13_quiz3guide.pdf.xml</adlcp:location>
            </metadata>
            <file href="contents/study-materials/MIT15_053S13_quiz3guide.pdf"/>
                        
        </resource>
        <resource identifier="r_contents.study-materials.MIT15_053S13_pspracticesol.pdf"
                  type="other"
                  href="contents/study-materials/MIT15_053S13_pspracticesol.pdf">
            <metadata>
                <adlcp:location>contents/study-materials/MIT15_053S13_pspracticesol.pdf.xml</adlcp:location>
            </metadata>
            <file href="contents/study-materials/MIT15_053S13_pspracticesol.pdf"/>
                        
        </resource>
        <resource identifier="r_contents.recitations.MIT15_053S13_rec09.pdf"
                  type="other"
                  href="contents/recitations/MIT15_053S13_rec09.pdf">
            <metadata>
                <adlcp:location>contents/recitations/MIT15_053S13_rec09.pdf.xml</adlcp:location>
            </metadata>
            <file href="contents/recitations/MIT15_053S13_rec09.pdf"/>
                        
        </resource>
        <resource identifier="r_contents.assignments.ps3_sol.xls"
                  type="other"
                  href="contents/assignments/ps3_sol.xls">
            <metadata>
                <adlcp:location>contents/assignments/ps3_sol.xls.xml</adlcp:location>
            </metadata>
            <file href="contents/assignments/ps3_sol.xls"/>
                        
        </resource>
        <resource identifier="r_contents.recitations.MIT15_053S13_rec01.pdf"
                  type="other"
                  href="contents/recitations/MIT15_053S13_rec01.pdf">
            <metadata>
                <adlcp:location>contents/recitations/MIT15_053S13_rec01.pdf.xml</adlcp:location>
            </metadata>
            <file href="contents/recitations/MIT15_053S13_rec01.pdf"/>
                        
        </resource>
        <resource identifier="r_contents.lecture-notes.MIT15_053S13_lec16.pdf"
                  type="other"
                  href="contents/lecture-notes/MIT15_053S13_lec16.pdf">
            <metadata>
                <adlcp:location>contents/lecture-notes/MIT15_053S13_lec16.pdf.xml</adlcp:location>
            </metadata>
            <file href="contents/lecture-notes/MIT15_053S13_lec16.pdf"/>
                        
        </resource>
        <resource identifier="r_contents.lecture-notes.MIT15_053S13_lec2.pdf"
                  type="other"
                  href="contents/lecture-notes/MIT15_053S13_lec2.pdf">
            <metadata>
                <adlcp:location>contents/lecture-notes/MIT15_053S13_lec2.pdf.xml</adlcp:location>
            </metadata>
            <file href="contents/lecture-notes/MIT15_053S13_lec2.pdf"/>
                        
        </resource>
        <resource identifier="r_contents.lecture-notes.index.htm"
                  type="webcontent"
                  href="contents/lecture-notes/index.htm">
            <metadata>
                <adlcp:location>contents/lecture-notes/index.htm.xml</adlcp:location>
            </metadata>
            <file href="contents/lecture-notes/index.htm"/>
            <dependency identifierref="webrenderrequirements.15-053-optimization-methods-in-management-science-spring-2013"/>            
        </resource>
        <resource identifier="r_contents.assignments.MIT15_053S13_ps1-2sol.pdf"
                  type="other"
                  href="contents/assignments/MIT15_053S13_ps1-2sol.pdf">
            <metadata>
                <adlcp:location>contents/assignments/MIT15_053S13_ps1-2sol.pdf.xml</adlcp:location>
            </metadata>
            <file href="contents/assignments/MIT15_053S13_ps1-2sol.pdf"/>
                        
        </resource>
        <resource identifier="r_contents.recitations.MIT15_053S13_rec02.pdf"
                  type="other"
                  href="contents/recitations/MIT15_053S13_rec02.pdf">
            <metadata>
                <adlcp:location>contents/recitations/MIT15_053S13_rec02.pdf.xml</adlcp:location>
            </metadata>
            <file href="contents/recitations/MIT15_053S13_rec02.pdf"/>
                        
        </resource>
        <resource identifier="r_contents.recitations.MIT15_053S13_rec08sol.pdf"
                  type="other"
                  href="contents/recitations/MIT15_053S13_rec08sol.pdf">
            <metadata>
                <adlcp:location>contents/recitations/MIT15_053S13_rec08sol.pdf.xml</adlcp:location>
            </metadata>
            <file href="contents/recitations/MIT15_053S13_rec08sol.pdf"/>
                        
        </resource>
        <resource identifier="r_contents.recitations.MIT15_053S13_rec01sol.pdf"
                  type="other"
                  href="contents/recitations/MIT15_053S13_rec01sol.pdf">
            <metadata>
                <adlcp:location>contents/recitations/MIT15_053S13_rec01sol.pdf.xml</adlcp:location>
            </metadata>
            <file href="contents/recitations/MIT15_053S13_rec01sol.pdf"/>
                        
        </resource>
        <resource identifier="r_contents.lecture-notes.MIT15_053S13_lec14.pdf"
                  type="other"
                  href="contents/lecture-notes/MIT15_053S13_lec14.pdf">
            <metadata>
                <adlcp:location>contents/lecture-notes/MIT15_053S13_lec14.pdf.xml</adlcp:location>
            </metadata>
            <file href="contents/lecture-notes/MIT15_053S13_lec14.pdf"/>
                        
        </resource>
        <resource identifier="r_contents.lecture-notes.lec05.xls"
                  type="other"
                  href="contents/lecture-notes/lec05.xls">
            <metadata>
                <adlcp:location>contents/lecture-notes/lec05.xls.xml</adlcp:location>
            </metadata>
            <file href="contents/lecture-notes/lec05.xls"/>
                        
        </resource>
        <resource identifier="r_contents.assignments.MIT15_053S13_ps2-1sol.pdf"
                  type="other"
                  href="contents/assignments/MIT15_053S13_ps2-1sol.pdf">
            <metadata>
                <adlcp:location>contents/assignments/MIT15_053S13_ps2-1sol.pdf.xml</adlcp:location>
            </metadata>
            <file href="contents/assignments/MIT15_053S13_ps2-1sol.pdf"/>
                        
        </resource>
        <resource identifier="r_contents.assignments.ps1-1.xls"
                  type="other"
                  href="contents/assignments/ps1-1.xls">
            <metadata>
                <adlcp:location>contents/assignments/ps1-1.xls.xml</adlcp:location>
            </metadata>
            <file href="contents/assignments/ps1-1.xls"/>
                        
        </resource>
        <resource identifier="r_contents.study-materials.MIT15_053S13_quiz2guide.pdf"
                  type="other"
                  href="contents/study-materials/MIT15_053S13_quiz2guide.pdf">
            <metadata>
                <adlcp:location>contents/study-materials/MIT15_053S13_quiz2guide.pdf.xml</adlcp:location>
            </metadata>
            <file href="contents/study-materials/MIT15_053S13_quiz2guide.pdf"/>
                        
        </resource>
        <resource identifier="r_contents.lecture-notes.MIT15_053S13_lec20-21.pdf"
                  type="other"
                  href="contents/lecture-notes/MIT15_053S13_lec20-21.pdf">
            <metadata>
                <adlcp:location>contents/lecture-notes/MIT15_053S13_lec20-21.pdf.xml</adlcp:location>
            </metadata>
            <file href="contents/lecture-notes/MIT15_053S13_lec20-21.pdf"/>
                        
        </resource>
        <resource identifier="r_contents.recitations.MIT15_053S13_rec06.pdf"
                  type="other"
                  href="contents/recitations/MIT15_053S13_rec06.pdf">
            <metadata>
                <adlcp:location>contents/recitations/MIT15_053S13_rec06.pdf.xml</adlcp:location>
            </metadata>
            <file href="contents/recitations/MIT15_053S13_rec06.pdf"/>
                        
        </resource>
        <resource identifier="r_contents.15-053s13.jpg"
                  type="other" href="contents/15-053s13.jpg">
            <metadata>
                <adlcp:location>contents/15-053s13.jpg.xml</adlcp:location>
            </metadata>
            <file href="contents/15-053s13.jpg"/>
                        
        </resource>
        <resource identifier="r_contents.tutorials.MIT15_053S13_tut02.pdf"
                  type="other"
                  href="contents/tutorials/MIT15_053S13_tut02.pdf">
            <metadata>
                <adlcp:location>contents/tutorials/MIT15_053S13_tut02.pdf.xml</adlcp:location>
            </metadata>
            <file href="contents/tutorials/MIT15_053S13_tut02.pdf"/>
                        
        </resource>
        <resource identifier="r_contents.assignments.MIT15_053S13_ps5.pdf"
                  type="other"
                  href="contents/assignments/MIT15_053S13_ps5.pdf">
            <metadata>
                <adlcp:location>contents/assignments/MIT15_053S13_ps5.pdf.xml</adlcp:location>
            </metadata>
            <file href="contents/assignments/MIT15_053S13_ps5.pdf"/>
                        
        </resource>
        <resource identifier="r_contents.recitations.MIT15_053S13_rec07sol.pdf"
                  type="other"
                  href="contents/recitations/MIT15_053S13_rec07sol.pdf">
            <metadata>
                <adlcp:location>contents/recitations/MIT15_053S13_rec07sol.pdf.xml</adlcp:location>
            </metadata>
            <file href="contents/recitations/MIT15_053S13_rec07sol.pdf"/>
                        
        </resource>
        <resource identifier="r_contents.tutorials.index.htm"
                  type="webcontent"
                  href="contents/tutorials/index.htm">
            <metadata>
                <adlcp:location>contents/tutorials/index.htm.xml</adlcp:location>
            </metadata>
            <file href="contents/tutorials/index.htm"/>
            <dependency identifierref="webrenderrequirements.15-053-optimization-methods-in-management-science-spring-2013"/>            
        </resource>
        <resource identifier="r_contents.tutorials.MIT15_053S13_tut07.pdf"
                  type="other"
                  href="contents/tutorials/MIT15_053S13_tut07.pdf">
            <metadata>
                <adlcp:location>contents/tutorials/MIT15_053S13_tut07.pdf.xml</adlcp:location>
            </metadata>
            <file href="contents/tutorials/MIT15_053S13_tut07.pdf"/>
                        
        </resource>
        <resource identifier="r_contents.recitations.MIT15_053S13_rec03.pdf"
                  type="other"
                  href="contents/recitations/MIT15_053S13_rec03.pdf">
            <metadata>
                <adlcp:location>contents/recitations/MIT15_053S13_rec03.pdf.xml</adlcp:location>
            </metadata>
            <file href="contents/recitations/MIT15_053S13_rec03.pdf"/>
                        
        </resource>
        <resource identifier="r_contents.lecture-notes.MIT15_053S13_lec6.pdf"
                  type="other"
                  href="contents/lecture-notes/MIT15_053S13_lec6.pdf">
            <metadata>
                <adlcp:location>contents/lecture-notes/MIT15_053S13_lec6.pdf.xml</adlcp:location>
            </metadata>
            <file href="contents/lecture-notes/MIT15_053S13_lec6.pdf"/>
                        
        </resource>
        <resource identifier="r_contents.15-053s13-th.jpg"
                  type="other"
                  href="contents/15-053s13-th.jpg">
            <metadata>
                <adlcp:location>contents/15-053s13-th.jpg.xml</adlcp:location>
            </metadata>
            <file href="contents/15-053s13-th.jpg"/>
                        
        </resource>
        <resource identifier="r_contents.assignments.ps2-2.xls"
                  type="other"
                  href="contents/assignments/ps2-2.xls">
            <metadata>
                <adlcp:location>contents/assignments/ps2-2.xls.xml</adlcp:location>
            </metadata>
            <file href="contents/assignments/ps2-2.xls"/>
                        
        </resource>
        <resource identifier="r_contents.lecture-notes.lec06_tableaus.xlsx"
                  type="other"
                  href="contents/lecture-notes/lec06_tableaus.xlsx">
            <metadata>
                <adlcp:location>contents/lecture-notes/lec06_tableaus.xlsx.xml</adlcp:location>
            </metadata>
            <file href="contents/lecture-notes/lec06_tableaus.xlsx"/>
                        
        </resource>
        <resource identifier="r_contents.tutorials.MIT15_053S13_tut03.pdf"
                  type="other"
                  href="contents/tutorials/MIT15_053S13_tut03.pdf">
            <metadata>
                <adlcp:location>contents/tutorials/MIT15_053S13_tut03.pdf.xml</adlcp:location>
            </metadata>
            <file href="contents/tutorials/MIT15_053S13_tut03.pdf"/>
                        
        </resource>
        <resource identifier="r_contents.tutorials.MIT15_053S13_tut09.pdf"
                  type="other"
                  href="contents/tutorials/MIT15_053S13_tut09.pdf">
            <metadata>
                <adlcp:location>contents/tutorials/MIT15_053S13_tut09.pdf.xml</adlcp:location>
            </metadata>
            <file href="contents/tutorials/MIT15_053S13_tut09.pdf"/>
                        
        </resource>
        <resource identifier="r_contents.projects.index.htm"
                  type="webcontent"
                  href="contents/projects/index.htm">
            <metadata>
                <adlcp:location>contents/projects/index.htm.xml</adlcp:location>
            </metadata>
            <file href="contents/projects/index.htm"/>
            <dependency identifierref="webrenderrequirements.15-053-optimization-methods-in-management-science-spring-2013"/>            
        </resource>
        <resource identifier="r_contents.lecture-notes.MIT15_053S13_lec15.pdf"
                  type="other"
                  href="contents/lecture-notes/MIT15_053S13_lec15.pdf">
            <metadata>
                <adlcp:location>contents/lecture-notes/MIT15_053S13_lec15.pdf.xml</adlcp:location>
            </metadata>
            <file href="contents/lecture-notes/MIT15_053S13_lec15.pdf"/>
                        
        </resource>
        <resource identifier="r_contents.lecture-notes.MIT15_053S13_lec8.pdf"
                  type="other"
                  href="contents/lecture-notes/MIT15_053S13_lec8.pdf">
            <metadata>
                <adlcp:location>contents/lecture-notes/MIT15_053S13_lec8.pdf.xml</adlcp:location>
            </metadata>
            <file href="contents/lecture-notes/MIT15_053S13_lec8.pdf"/>
                        
        </resource>
        <resource identifier="r_contents.lecture-notes.MIT15_053S13_lec1.pdf"
                  type="other"
                  href="contents/lecture-notes/MIT15_053S13_lec1.pdf">
            <metadata>
                <adlcp:location>contents/lecture-notes/MIT15_053S13_lec1.pdf.xml</adlcp:location>
            </metadata>
            <file href="contents/lecture-notes/MIT15_053S13_lec1.pdf"/>
                        
        </resource>
        <resource identifier="r_contents.recitations.MIT15_053S13_rec09sol.pdf"
                  type="other"
                  href="contents/recitations/MIT15_053S13_rec09sol.pdf">
            <metadata>
                <adlcp:location>contents/recitations/MIT15_053S13_rec09sol.pdf.xml</adlcp:location>
            </metadata>
            <file href="contents/recitations/MIT15_053S13_rec09sol.pdf"/>
                        
        </resource>
        <resource identifier="r_contents.assignments.MIT15_053S13_ps5sol.pdf"
                  type="other"
                  href="contents/assignments/MIT15_053S13_ps5sol.pdf">
            <metadata>
                <adlcp:location>contents/assignments/MIT15_053S13_ps5sol.pdf.xml</adlcp:location>
            </metadata>
            <file href="contents/assignments/MIT15_053S13_ps5sol.pdf"/>
                        
        </resource>
        <resource identifier="r_contents.lecture-notes.MIT15_053S13_lec17.pdf"
                  type="other"
                  href="contents/lecture-notes/MIT15_053S13_lec17.pdf">
            <metadata>
                <adlcp:location>contents/lecture-notes/MIT15_053S13_lec17.pdf.xml</adlcp:location>
            </metadata>
            <file href="contents/lecture-notes/MIT15_053S13_lec17.pdf"/>
                        
        </resource>
        <resource identifier="r_contents.lecture-notes.lec18_decision.xlsx"
                  type="other"
                  href="contents/lecture-notes/lec18_decision.xlsx">
            <metadata>
                <adlcp:location>contents/lecture-notes/lec18_decision.xlsx.xml</adlcp:location>
            </metadata>
            <file href="contents/lecture-notes/lec18_decision.xlsx"/>
                        
        </resource>
        <resource identifier="r_contents.study-materials.MIT15_053S13_pspractice.pdf"
                  type="other"
                  href="contents/study-materials/MIT15_053S13_pspractice.pdf">
            <metadata>
                <adlcp:location>contents/study-materials/MIT15_053S13_pspractice.pdf.xml</adlcp:location>
            </metadata>
            <file href="contents/study-materials/MIT15_053S13_pspractice.pdf"/>
                        
        </resource>
        <resource identifier="r_contents.lecture-notes.MIT15_053S13_lec12.pdf"
                  type="other"
                  href="contents/lecture-notes/MIT15_053S13_lec12.pdf">
            <metadata>
                <adlcp:location>contents/lecture-notes/MIT15_053S13_lec12.pdf.xml</adlcp:location>
            </metadata>
            <file href="contents/lecture-notes/MIT15_053S13_lec12.pdf"/>
                        
        </resource>
        <resource identifier="r_contents.tutorials.MIT15_053S13_tut06.pdf"
                  type="other"
                  href="contents/tutorials/MIT15_053S13_tut06.pdf">
            <metadata>
                <adlcp:location>contents/tutorials/MIT15_053S13_tut06.pdf.xml</adlcp:location>
            </metadata>
            <file href="contents/tutorials/MIT15_053S13_tut06.pdf"/>
                        
        </resource>
        <resource identifier="r_contents.lecture-notes.MIT15_053S13_lec13.pdf"
                  type="other"
                  href="contents/lecture-notes/MIT15_053S13_lec13.pdf">
            <metadata>
                <adlcp:location>contents/lecture-notes/MIT15_053S13_lec13.pdf.xml</adlcp:location>
            </metadata>
            <file href="contents/lecture-notes/MIT15_053S13_lec13.pdf"/>
                        
        </resource>
        <resource identifier="r_contents.lecture-notes.MIT15_053S13_lec9.pdf"
                  type="other"
                  href="contents/lecture-notes/MIT15_053S13_lec9.pdf">
            <metadata>
                <adlcp:location>contents/lecture-notes/MIT15_053S13_lec9.pdf.xml</adlcp:location>
            </metadata>
            <file href="contents/lecture-notes/MIT15_053S13_lec9.pdf"/>
                        
        </resource>
        <resource identifier="r_contents.tutorials.MIT15_053S13_tut11.pdf"
                  type="other"
                  href="contents/tutorials/MIT15_053S13_tut11.pdf">
            <metadata>
                <adlcp:location>contents/tutorials/MIT15_053S13_tut11.pdf.xml</adlcp:location>
            </metadata>
            <file href="contents/tutorials/MIT15_053S13_tut11.pdf"/>
                        
        </resource>        
        <resource identifier="r_common.search.AdvancedSearch.htm"
                  type="webcontent"
                  href="common/search/AdvancedSearch.htm">
            <file href="common/search/AdvancedSearch.htm"/>
            <dependency identifierref="webrenderrequirements.15-053-optimization-methods-in-management-science-spring-2013"/>            
        </resource>
        <resource identifier="r_common.jsp.feedback.htm"
                  type="webcontent"
                  href="common/jsp/feedback.htm">
            <file href="common/jsp/feedback.htm"/>
            <dependency identifierref="webrenderrequirements.15-053-optimization-methods-in-management-science-spring-2013"/>            
        </resource>
        <resource identifier="r_common.terms.index.htm"
                  type="webcontent"
                  href="common/terms/index.htm">
            <file href="common/terms/by.png"/>
            <file href="common/terms/nc.png"/>
            <file href="common/terms/sa.png"/>
            <file href="common/terms/deedheadyellow.png"/>
            <file href="common/terms/freedomsheader.png"/>
            <file href="common/terms/limitationsheader.png"/>
            <file href="common/terms/understandingheader.jpg"/>
            <file href="common/terms/deedfootyellow.png"/>
            <dependency identifierref="webrenderrequirements.15-053-optimization-methods-in-management-science-spring-2013"/>            
        </resource>
        <resource identifier="r_common.terms.trademarks.index.htm"
                  type="webcontent"
                  href="common/terms/trademarks/index.htm">
            <file href="common/terms/trademarks/index.htm"/>
            <dependency identifierref="webrenderrequirements.15-053-optimization-methods-in-management-science-spring-2013"/>            
        </resource>
        <resource identifier="webrenderrequirements.15-053-optimization-methods-in-management-science-spring-2013"
                  type="webcontent">
        	<file href="common/styles/base.css"/>
        	<file href="common/styles/courses.css"/>
        	<file href="common/styles/courses_new.css"/>
        	<file href="common/styles/educator.css"/>
        	<file href="common/styles/global.css"/>
        	<file href="common/styles/grid.css"/>
        	<file href="common/styles/highslide.css"/>
        	<file href="common/styles/highslide-ie6.css"/>
        	<file href="common/styles/jquery.bubblepopup.css"/>
        	<file href="common/styles/jquery.jscrollpane.css"/>
        	<file href="common/styles/jquery-ui.css"/>
        	<file href="common/styles/menu.css"/>
        	<file href="common/styles/scholar2.css"/>
        	<file href="common/styles/media_tabs.css"/>
        	<file href="common/styles/three_play.css"/>
        	<file href="common/scripts/bubble-popup-offline.js"/>
        	<file href="common/scripts/jquery.js"/>
        	<file href="common/scripts/ocw-media-utils.js"/>
        	<file href="common/scripts/ocw-media-utils-offline.js"/>
        	<file href="common/scripts/highslide-with-gallery.js"/>
        	<file href="common/scripts/jquery.bubblepopup.min.js"/>
        	<file href="common/scripts/jquery.jscrollpane.min.js"/>
        	<file href="common/scripts/jquery-ui.min.js"/>
        	<file href="common/scripts/jQuizMe-uncompressed.js"/>
        	<file href="common/scripts/ocw-offline.js"/>
        	<file href="common/scripts/expandy.js"/>
        	<file href="common/scripts/chart.js"/>
        	<file href="common/scripts/jquery.anythingslider.js"/>
        	<file href="common/images/ocw_mast.png"/>
        	<file href="common/images/button_subscribe.png"/>
        	<file href="common/images/icon_fb.png"/>
        	<file href="common/images/icon_gp.png"/>
        	<file href="common/images/icon_pin.png"/>
        	<file href="common/images/icon_tw.png"/>
        	<file href="common/images/icon-question-ovt.png"/>
        	<file href="common/images/icon-question-svt.png"/>
        	<file href="common/images/icon-question-avt.png"/>
        	<file href="common/images/icon-question-cl.png"/>
        	<file href="common/images/top-nav_home.png"/>
        	<file href="common/images/button_search.png"/>
        	<file href="common/images/bg_top.png"/>
        	<file href="common/images/bg_social.png"/>
        	<file href="common/images/bg_social2.png"/>
        	<file href="common/images/bg_mega-courses.png"/>
        	<file href="common/images/bg_center2.png"/>
        	<file href="common/images/bg_course-nav_current.png"/>
        	<file href="common/images/button_donate-now.png"/>
        	<file href="common/images/logo_mit.png"/>
        	<file href="common/images/logo_ocwc.gif"/>
        	<file href="common/images/cc_by-nc-sa.png"/>
        	<file href="common/images/logo_dow.png"/>
        	<file href="common/images/logo_lockheed.png"/>
        	<file href="common/images/logo_mathworks.png"/>
        	<file href="common/images/logo_abinitio.png"/>
        	<file href="common/images/logo_sapient.png"/>
        	<file href="common/images/bg_bottom.png"/>
        	<file href="common/images/nav_arrow.png"/>
        	<file href="common/images/news-subscibe_bg.png"/>
        	<file href="common/images/3play_logo.png"/>
        	<file href="common/images/black-arrow.gif"/>
        	<file href="common/images/trans.gif"/>
        	<file href="common/images/arrow-bullet.gif"/>
        	<file href="common/images/apple-touch-icon.png"/>
        	<file href="common/images/highslide/graphics/zoomin.cur"/>
        	<file href="common/images/highslide/graphics/zoomout.cur"/>
        	<file href="common/images/highslide/graphics/controlbar2.gif"/>
        	<file href="common/images/highslide/graphics/controlbar3.gif"/>
        	<file href="common/images/highslide/graphics/controlbar4.gif"/>
        	<file href="common/images/highslide/graphics/controlbar4-hover.gif"/>
        	<file href="common/images/highslide/graphics/controlbar-black-border.gif"/>
        	<file href="common/images/highslide/graphics/controlbar-white.gif"/>
        	<file href="common/images/highslide/graphics/controlbar-white-small.gif"/>
        	<file href="common/images/highslide/graphics/fullexpand.gif"/>
        	<file href="common/images/highslide/graphics/icon.gif"/>
        	<file href="common/images/highslide/graphics/loader.gif"/>
        	<file href="common/images/highslide/graphics/loader.white.gif"/>
        	<file href="common/images/highslide/graphics/resize.gif"/>
        	<file href="common/images/highslide/graphics/close.png"/>
        	<file href="common/images/highslide/graphics/closeX.png"/>
        	<file href="common/images/highslide/graphics/controlbar-text-buttons.png"/>
        	<file href="common/images/highslide/graphics/geckodimmer.png"/>
        	<file href="common/images/highslide/graphics/scrollarrows.png"/>
        	<file href="common/images/highslide/graphics/outlines/beveled.png"/>
        	<file href="common/images/highslide/graphics/outlines/drop-shadow.png"/>
        	<file href="common/images/highslide/graphics/outlines/glossy-dark.png"/>
        	<file href="common/images/highslide/graphics/outlines/outer-glow.png"/>
        	<file href="common/images/highslide/graphics/outlines/rounded-black.png"/>
        	<file href="common/images/highslide/graphics/outlines/rounded-white.png"/>
        	<file href="common/images/highslide/graphics/outlines/Outlines.psd"/>
        	<file href="common/images/button_continue.jpg"/>
        	<file href="common/images/button_donate.jpg"/>
        	<file href="common/images/button_start.jpg"/>
        	<file href="common/images/scholar_bar_chp.png"/>
        	<file href="common/images/scholar_bar.png"/>
        	<file href="common/images/logo_pdf.jpg"/>
        	<file href="common/images/h2_trigger_open_close.gif"/>
        	<file href="common/images/bookmark.gif"/>
        	<file href="common/images/check.png"/>
        	<file href="common/images/lightbulb.png"/>
        	<file href="common/images/audio_file.gif"/>
        	<file href="common/images/audio_only_slate.gif"/>
        	<file href="common/images/video_file.gif"/>
        	<file href="common/images/back-5.png"/>
        	<file href="common/images/btn_next_resource.png"/>
        	<file href="common/images/btn_previous_resource.png"/>
        	<file href="common/images/close.png"/>
        	<file href="common/images/inacessible.gif"/>
        	<file href="common/images/jquerybubblepopup-theme/grey/ie/bottom-left.gif"/>
        	<file href="common/images/jquerybubblepopup-theme/grey/ie/bottom-middle.gif"/>
        	<file href="common/images/jquerybubblepopup-theme/grey/ie/bottom-right.gif"/>
        	<file href="common/images/jquerybubblepopup-theme/grey/ie/middle-left.gif"/>
        	<file href="common/images/jquerybubblepopup-theme/grey/ie/middle-right.gif"/>
        	<file href="common/images/jquerybubblepopup-theme/grey/ie/tail-bottom.gif"/>
        	<file href="common/images/jquerybubblepopup-theme/grey/ie/tail-left.gif"/>
        	<file href="common/images/jquerybubblepopup-theme/grey/ie/tail-right.gif"/>
        	<file href="common/images/jquerybubblepopup-theme/grey/ie/tail-top.gif"/>
        	<file href="common/images/jquerybubblepopup-theme/grey/ie/top-left.gif"/>
        	<file href="common/images/jquerybubblepopup-theme/grey/ie/top-middle.gif"/>
        	<file href="common/images/jquerybubblepopup-theme/grey/ie/top-right.gif"/>
        	<file href="common/images/jquerybubblepopup-theme/grey/bottom-left.png"/>
        	<file href="common/images/jquerybubblepopup-theme/grey/bottom-middle.png"/>
        	<file href="common/images/jquerybubblepopup-theme/grey/bottom-right.png"/>
        	<file href="common/images/jquerybubblepopup-theme/grey/middle-left.png"/>
        	<file href="common/images/jquerybubblepopup-theme/grey/middle-right.png"/>
        	<file href="common/images/jquerybubblepopup-theme/grey/tail-bottom.png"/>
        	<file href="common/images/jquerybubblepopup-theme/grey/tail-left.png"/>
        	<file href="common/images/jquerybubblepopup-theme/grey/tail-right.png"/>
        	<file href="common/images/jquerybubblepopup-theme/grey/tail-top.png"/>
        	<file href="common/images/jquerybubblepopup-theme/grey/top-left.png"/>
        	<file href="common/images/jquerybubblepopup-theme/grey/top-middle.png"/>
        	<file href="common/images/jquerybubblepopup-theme/grey/top-right.png"/>
        	<file href="common/images/educator/classroom_next.png"/>
        	<file href="common/images/educator/classroom_next_dim.png"/>
        	<file href="common/images/educator/classroom_prev.png"/>
        	<file href="common/images/educator/classroom_prev_dim.png"/>
        	<file href="common/images/educator/edu_b-blank.png"/>
        	<file href="common/images/educator/edu_b-blank-key.png"/>
        	<file href="common/images/educator/edu_b-duedate.png"/>
        	<file href="common/images/educator/edu_b-duedate-key.png"/>
        	<file href="common/images/educator/edu_b-exam.png"/>
        	<file href="common/images/educator/edu_b-exam-key.png"/>
        	<file href="common/images/educator/edu_b-lab.png"/>
        	<file href="common/images/educator/edu_b-lab-key.png"/>
        	<file href="common/images/educator/edu_b-lab-team.png"/>
        	<file href="common/images/educator/edu_b-lab-duedate.png"/>
        	<file href="common/images/educator/edu_b-leclab.png"/>
        	<file href="common/images/educator/edu_b-leclab-key.png"/>
        	<file href="common/images/educator/edu_b-lecture.png"/>
        	<file href="common/images/educator/edu_b-lecture-duedate.png"/>
        	<file href="common/images/educator/edu_b-lecture-exam.png"/>
        	<file href="common/images/educator/edu_b-lecture-key.png"/>
        	<file href="common/images/educator/edu_b-lecture-lunch.png"/>
        	<file href="common/images/educator/edu_b-lecture-preslab.png"/>
        	<file href="common/images/educator/edu_b-lecture-quiz.png"/>
        	<file href="common/images/educator/edu_b-lecture-team.png"/>
        	<file href="common/images/educator/edu_b-lecrec-key.png"/>
        	<file href="common/images/educator/edu_b-leclab-duedate.png"/>
        	<file href="common/images/educator/edu_b-lecrec.png"/>
        	<file href="common/images/educator/edu_b-lecrec-duedate.png"/>
        	<file href="common/images/educator/edu_b-noclass-quiz.png"/>
        	<file href="common/images/educator/edu_b-lunch.png"/>
        	<file href="common/images/educator/edu_b-lunch-key.png"/>
        	<file href="common/images/educator/edu_b-noclass.png"/>
        	<file href="common/images/educator/edu_b-noclass-duedate.png"/>
        	<file href="common/images/educator/edu_b-noclass-exam.png"/>
        	<file href="common/images/educator/edu_b-noclass-key.png"/>
        	<file href="common/images/educator/edu_b-office.png"/>
        	<file href="common/images/educator/edu_b-office-key.png"/>
        	<file href="common/images/educator/edu_b-present.png"/>
        	<file href="common/images/educator/edu_b-present-duedate.png"/>
        	<file href="common/images/educator/edu_b-present-key.png"/>
        	<file href="common/images/educator/edu_b-preslab.png"/>
        	<file href="common/images/educator/edu_b-preslab-key.png"/>
        	<file href="common/images/educator/edu_b-quiz-key.png"/>
        	<file href="common/images/educator/edu_b-reclab-key.png"/>
        	<file href="common/images/educator/edu_b-reclab-concert.png"/>
        	<file href="common/images/educator/edu_b-reclab.png"/>
        	<file href="common/images/educator/edu_b-noclass-concert.png"/>
        	<file href="common/images/educator/edu_b-leclab-concert.png"/>
        	<file href="common/images/educator/edu_b-concert-key.png"/>
        	<file href="common/images/educator/edu_b-concert.png"/>
        	<file href="common/images/educator/edu_b-recitation.png"/>
        	<file href="common/images/educator/edu_b-recitation-duedate.png"/>
        	<file href="common/images/educator/edu_b-recitation-exam.png"/>
        	<file href="common/images/educator/edu_b-recitation-key.png"/>
        	<file href="common/images/educator/edu_b-team.png"/>
        	<file href="common/images/educator/edu_b-team-key.png"/>
        	<file href="common/images/educator/edu_b-team-preslab.png"/>
        	<file href="common/images/educator/edu_b-work.png"/>
        	<file href="common/images/educator/edu_b-work-key.png"/>
        	<file href="common/images/educator/icon-question-cih.png"/>
        	<file href="common/images/educator/icon-question-cihw.png"/>
        	<file href="common/images/educator/icon-question-cim.png"/>
        	<file href="common/images/educator/icon-question-collab.png"/>
        	<file href="common/images/educator/icon-question-coop.png"/>
        	<file href="common/images/educator/icon-question-fas.png"/>
        	<file href="common/images/educator/icon-question-gir.png"/>
        	<file href="common/images/educator/icon-question-hass.png"/>
        	<file href="common/images/educator/icon-question-hass-s.png"/>
        	<file href="common/images/educator/icon-question-iap.png"/>
        	<file href="common/images/educator/icon-question-lab.png"/>
        	<file href="common/images/educator/icon-question-urop.png"/>
        	<file href="common/images/educator/icon-question-active.png"/>
        	<file href="common/images/educator/icon-question-clickq.png"/>
        	<file href="common/images/educator/icon-question-conq.png"/>
        	<file href="common/images/educator/icon-question-flip.png"/>
        	<file href="common/images/educator/icon-question-form.png"/>
        	<file href="common/images/educator/icon-question-immed.png"/>
        	<file href="common/images/educator/icon-question-learn.png"/>
        	<file href="common/images/educator/icon-question-ped.png"/>
        	<file href="common/images/educator/icon-question-readq.png"/>
        	<file href="common/images/educator/icon-question-service.png"/>
        	<file href="common/images/educator/icon-question-sum.png"/>
        	<file href="common/images/educator/icon-question-unrestricted-elective-credits.png"/>
        	<file href="common/webfonts/TitilliumText22L002-webfont.woff"/>
        	<file href="common/webfonts/TitilliumText22L002-webfont.ttf"/>
        	<file href="common/webfonts/TitilliumText22L002-webfont.svg"/>
        	<file href="common/webfonts/TitilliumText22L002-webfont.eot"/>
        	<file href="common/webfonts/TitilliumText22L003-webfont.woff"/>
        	<file href="common/webfonts/TitilliumText22L003-webfont.ttf"/>
        	<file href="common/webfonts/TitilliumText22L003-webfont.eot"/>
        	<file href="common/webfonts/TitilliumText22L003-webfont.svg"/>
        	<file href="common/webfonts/TitilliumText22L005-webfont.woff"/>
        	<file href="common/webfonts/TitilliumText22L005-webfont.ttf"/>
        	<file href="common/webfonts/TitilliumText22L005-webfont.svg"/>
        	<file href="common/webfonts/TitilliumText22L005-webfont.eot"/>
        </resource>        
  </resources>
</manifest>
